nombre,contrasena,correo,rol
Pedro López,ZFmpbpeYN6vb,G3lCw@example.com,Director
Luis Sánchez,2NUpLIqOSIFp,HQR14@example.com,Administrador
María García,SGPupjUJ8YMa,5UrtA@example.com,Administrador
Pedro Ramírez,mT41m8DZ1m5Y,hIplY@example.com,Director
María Ramírez,8M4NPo4BT0zr,OPjOb@example.com,Resolutor
Elena Rodríguez,Xc5oJm2dDFKc,CHhxl@example.com,Administrador
Luis García,CDtQPd4LSxJW,2N71n@example.com,Administrador
Carlos Ramírez,x6LPk73tLp0g,z28A5@example.com,Gestor Territorial
Luis Vargas,O0YNuOcijDbi,mHiFU@example.com,Gestor Territorial
Elena Pérez,PArLSAuGObot,n0wRJ@example.com,Resolutor
Luis García,0lLNyL5b6TXU,1HXFc@example.com,Administrador
Carmen Morales,yLCmA6ht8MP7,kVUmJ@example.com,Resolutor
Juan Torres,MCeEHQBpZjj6,7ifX7@example.com,Gestor Territorial
Carmen Vargas,zaY7VbDLPC2i,ggmmL@example.com,Resolutor
Luis Martínez,9a4eR64leeBi,57SCe@example.com,Administrador
Carmen García,QM8IzIhoTQgS,5iDaq@example.com,Director
Carlos García,qna5y5ulDZCg,RFnCN@example.com,Administrador
Luis Torres,1QtV0ggsN8SU,2yEk3@example.com,Administrador
María Ramírez,Uq3cDJQSmFbR,qnsQ3@example.com,Administrador
José Morales,GXrZDsai47pK,KZ46C@example.com,Gestor Territorial
Laura Pérez,MUsaAgyaMDeW,s6jIF@example.com,Resolutor
Pedro Vargas,9pYi51oKWq0v,i4OvQ@example.com,Gestor Territorial
Elena López,BJj3zr1bsslz,M8huc@example.com,Departamento de obras
Laura Morales,lyuHRMWjO4VM,8X0cF@example.com,Gestor Territorial
María López,TkWl7bxStEyl,hVxnb@example.com,Administrador
Pedro Vargas,aCLh6IKJD8xm,TKofp@example.com,Director
Laura García,hS0A04C7MCfw,HQpbk@example.com,Departamento de obras
Pedro López,RX5kCFaBu281,npJTu@example.com,Director
Carlos García,VT1NjZYT7MQX,k2wFJ@example.com,Resolutor
Elena Rodríguez,Oa16B9HE8h1R,7zLRH@example.com,Resolutor
Carmen Sánchez,mElb7NerckSX,Tn88o@example.com,Resolutor
Carmen Morales,UU4ei1FZpvI9,zsMlb@example.com,Director
Carlos Pérez,aoeMzRxZMjCO,A05wU@example.com,Gestor Territorial
Ana López,HQGL36HUdUN9,EUjCO@example.com,Director
Carmen Rodríguez,OYW77AOvrDlF,bOtKk@example.com,Director
María Sánchez,HOkpB5mY84Iq,BajhX@example.com,Resolutor
María Torres,awsdHER3zrj0,JIQJu@example.com,Departamento de obras
José Martínez,VSVvtYQ2CaWD,Xlw81@example.com,Gestor Territorial
Juan Torres,SfKCTyYjpuOu,RJgL3@example.com,Resolutor
José López,UuiraVvTuuIJ,HKBtR@example.com,Gestor Territorial
José Sánchez,iycSjPSJHqkC,HrRAr@example.com,Administrador
José Ramírez,VMmQb4Gm60Th,cViYP@example.com,Administrador
Luis Morales,UGmLJDAvyRSu,gTjP7@example.com,Departamento de obras
Laura Vargas,BtwbSeH4pQt8,2nQpw@example.com,Gestor Territorial
José Sánchez,yKy6lMJiuLOR,phpbr@example.com,Departamento de obras
Carlos Vargas,v28fdjYETJSz,WJEQN@example.com,Administrador
María Martínez,R5rM1Vb2U786,eYmFd@example.com,Director
Elena García,rYJrYrY4TC89,m5q3n@example.com,Resolutor
Pedro Pérez,LVnxEZ0dDpZB,gxsRC@example.com,Administrador
Carmen Rodríguez,cxcyvRqvci6Y,kOWkP@example.com,Departamento de obras
María Morales,kWhGFM0DFWce,nfm9R@example.com,Resolutor
Luis Sánchez,7Nt268jVW3P4,j1PpA@example.com,Director
Ana Sánchez,1N7Wdp72K8yT,roama@example.com,Resolutor
Juan García,60s5BSPusCZs,Y6KpX@example.com,Gestor Territorial
Carmen Ramírez,ppfKV4MSmKRK,rn2Hs@example.com,Resolutor
María Ramírez,Q4z1qrdBqQtW,ZpqeS@example.com,Departamento de obras
José Rodríguez,v4MaQB4d6ODV,WOiCc@example.com,Resolutor
Luis Pérez,27AGzrL8zva8,N6zR5@example.com,Director
Luis Ramírez,fyi258lobuQw,qfPpD@example.com,Director
Ana Vargas,LOEfQbvy30eO,b6lab@example.com,Administrador
José Torres,O1AC0dmgMUI8,4SIek@example.com,Gestor Territorial
Elena García,TmMM1n9DwwEK,X54zG@example.com,Administrador
Luis Torres,T1qhdmLYqQDt,z1IxS@example.com,Administrador
Elena Vargas,kE2jAjDB3yI8,wspse@example.com,Director
María Pérez,DoUXdVJkFcAi,uaPWt@example.com,Gestor Territorial
Carmen Pérez,ZKrihI9E1x2A,533TN@example.com,Gestor Territorial
Elena Vargas,XMGvvZJGJBgI,sndzu@example.com,Administrador
Luis Torres,EtureuO8wwwj,a5KxN@example.com,Director
María Martínez,LXtfCO7V4jg2,IuC8S@example.com,Director
Pedro Sánchez,SkCElTGBhnIs,AFjqi@example.com,Resolutor
María López,Gl1hh3rwBDZW,pAlcW@example.com,Resolutor
Laura Pérez,Skte2aWl5hjV,rATQN@example.com,Administrador
Carmen García,8iOxd3wk9szA,VSqj4@example.com,Director
Carlos Rodríguez,tdNyeKlm96id,XQFJp@example.com,Resolutor
Pedro Torres,RPBtRRNCFanX,6Sh8b@example.com,Director
Laura Martínez,tdmvzbOMbJWg,Ef10Y@example.com,Resolutor
Laura Sánchez,nE0M6chauNrn,1P1kD@example.com,Administrador
Juan Rodríguez,4ejj18jgmX0I,MUCBJ@example.com,Departamento de obras
Ana Rodríguez,jBs8kZLcydp9,HY88p@example.com,Gestor Territorial
Elena Sánchez,aJt2l8ip9RHw,JhWHP@example.com,Administrador
María Rodríguez,LwOy7mVIvoyE,j02uv@example.com,Departamento de obras
Carmen Morales,VTlmrayxFV6Q,7AYUy@example.com,Administrador
Pedro Morales,SIxfxYnHaiR4,gNQLs@example.com,Director
Ana García,SNEPEzs7snb7,8FN9D@example.com,Resolutor
Carmen Torres,qLNa3uTaXH0x,if6Nm@example.com,Director
Ana Martínez,59qsWQ5wykRa,uuWHB@example.com,Departamento de obras
Juan Ramírez,zakkDUJzMcIN,xRMVP@example.com,Administrador
Pedro Torres,K3lyjL5AJCF1,wxzUw@example.com,Resolutor
María Sánchez,XKH7A8dIvrTX,pEGdz@example.com,Director
Ana Ramírez,yJZE7YQFVsg1,CLdrb@example.com,Departamento de obras
Luis Morales,jbOLvBUaoCMG,e22WY@example.com,Departamento de obras
José Martínez,Y5JMcJD0DDrX,UKGtc@example.com,Director
José Pérez,0bZub62E3FYM,SVvUq@example.com,Administrador
Ana García,qDTV0KVO0s5D,8ztgl@example.com,Departamento de obras
María Rodríguez,VRy6ai6J0YLH,fHs3z@example.com,Administrador
Juan Torres,saHFXOLgVyQr,1wJKv@example.com,Departamento de obras
Laura Pérez,9ZxQCERJTxJA,MdcHX@example.com,Director
Carmen García,uruwGB6gg4c0,bzV4t@example.com,Administrador
José Vargas,49LyZreA9qtg,qnV7r@example.com,Director
Ana Rodríguez,C4jM6pt32c6A,6A42o@example.com,Departamento de obras
